{"accuracy": [0.6031865477561951, 0.8550110459327698, 0.9133793115615845, 0.9395689368247986, 0.953894317150116, 0.9650757312774658, 0.97099369764328, 0.9754036664962769, 0.9780212044715881, 0.9833558797836304], "loss": [1.3448110818862915, 0.4510241448879242, 0.2677359879016876, 0.18671052157878876, 0.14055821299552917, 0.10782361030578613, 0.08931463956832886, 0.07455317676067352, 0.06774336844682693, 0.052228499203920364], "val_accuracy": [0.8544275164604187, 0.8930684924125671, 0.9366605877876282, 0.9478716254234314, 0.9554404616355896, 0.938197135925293, 0.936432957649231, 0.9578306674957275, 0.948668360710144, 0.9586842656135559], "val_loss": [0.45909586548805237, 0.32820072770118713, 0.20047332346439362, 0.1671876758337021, 0.14555944502353668, 0.1997908651828766, 0.20893524587154388, 0.1492154747247696, 0.17044910788536072, 0.14863868057727814]}